{"cameraMode":{"drawMode":0,"name":"Shaded","section":"Shading Mode"},"sceneLighting":false,"audioPlay":false,"sceneViewState":{"showFog":true,"showMaterialUpdate":false,"showSkybox":false,"showFlares":true,"showImageEffects":true,"showParticleSystems":true},"in2DMode":false,"pivot":{"x":-2.5197832584381105,"y":-0.43634188175201418,"z":-1.7563906908035279},"rotation":{"x":-0.09066155552864075,"y":0.8704264760017395,"z":-0.17491298913955689,"w":-0.45116347074508669},"size":7.383830547332764,"orthographic":false}