{"cameraMode":{"drawMode":0,"name":"Shaded","section":"Shading Mode"},"sceneLighting":false,"audioPlay":false,"sceneViewState":{"showFog":true,"showMaterialUpdate":false,"showSkybox":false,"showFlares":true,"showImageEffects":true,"showParticleSystems":true},"in2DMode":false,"pivot":{"x":2.384185791015625e-7,"y":2.547224998474121,"z":0.039566099643707278},"rotation":{"x":-0.0216257032006979,"y":0.977403461933136,"z":-0.16909605264663697,"w":-0.12500010430812837},"size":10.341050148010254,"orthographic":false}