{"cameraMode":{"drawMode":0,"name":"Shaded","section":"Shading Mode"},"sceneLighting":false,"audioPlay":false,"sceneViewState":{"showFog":true,"showMaterialUpdate":false,"showSkybox":false,"showFlares":true,"showImageEffects":true,"showParticleSystems":true},"in2DMode":false,"pivot":{"x":-1.1920928955078126e-7,"y":0.9869117736816406,"z":0.20662105083465577},"rotation":{"x":-0.0216257032006979,"y":0.977403461933136,"z":-0.16909605264663697,"w":-0.12500010430812837},"size":7.14286994934082,"orthographic":false}