{"cameraMode":{"drawMode":0,"name":"Shaded","section":"Shading Mode"},"sceneLighting":false,"audioPlay":false,"sceneViewState":{"showFog":true,"showMaterialUpdate":false,"showSkybox":false,"showFlares":true,"showImageEffects":true,"showParticleSystems":true},"in2DMode":false,"pivot":{"x":0.9313515424728394,"y":0.6762315034866333,"z":14.978872299194336},"rotation":{"x":-0.04256979376077652,"y":-0.9251222610473633,"z":0.10902941972017288,"w":-0.3612643778324127},"size":3.819279432296753,"orthographic":false}