{"cameraMode":{"drawMode":0,"name":"Shaded","section":"Shading Mode"},"sceneLighting":false,"audioPlay":false,"sceneViewState":{"showFog":true,"showMaterialUpdate":false,"showSkybox":false,"showFlares":true,"showImageEffects":true,"showParticleSystems":true},"in2DMode":false,"pivot":{"x":0.0,"y":1.1206923723220826,"z":0.17233169078826905},"rotation":{"x":-0.09066155552864075,"y":0.8704264760017395,"z":-0.17491298913955689,"w":-0.45116347074508669},"size":7.873193264007568,"orthographic":false}