{"cameraMode":{"drawMode":0,"name":"Shaded","section":"Shading Mode"},"sceneLighting":false,"audioPlay":false,"sceneViewState":{"showFog":true,"showMaterialUpdate":false,"showSkybox":false,"showFlares":true,"showImageEffects":true,"showParticleSystems":true},"in2DMode":false,"pivot":{"x":-4.932941436767578,"y":1.4207992553710938,"z":-6.8969597816467289},"rotation":{"x":-0.0216257032006979,"y":0.977403461933136,"z":-0.16909605264663697,"w":-0.12500010430812837},"size":9.58132553100586,"orthographic":false}