{"cameraMode":{"drawMode":0,"name":"Shaded","section":"Shading Mode"},"sceneLighting":false,"audioPlay":false,"sceneViewState":{"showFog":true,"showMaterialUpdate":false,"showSkybox":false,"showFlares":true,"showImageEffects":true,"showParticleSystems":true},"in2DMode":false,"pivot":{"x":6.47482967376709,"y":-0.3700747489929199,"z":9.012554168701172},"rotation":{"x":-0.12106278538703919,"y":-0.7208557724952698,"z":0.1303073912858963,"w":-0.6699288487434387},"size":10.424074172973633,"orthographic":false}