{"cameraMode":{"drawMode":0,"name":"Shaded","section":"Shading Mode"},"sceneLighting":false,"audioPlay":false,"sceneViewState":{"showFog":true,"showMaterialUpdate":false,"showSkybox":false,"showFlares":true,"showImageEffects":true,"showParticleSystems":true},"in2DMode":false,"pivot":{"x":26.357017517089845,"y":0.6497249603271484,"z":2.765181064605713},"rotation":{"x":0.05606846511363983,"y":0.9421011805534363,"z":-0.2014021873474121,"w":0.2622542679309845},"size":4.957884311676025,"orthographic":false}