{"cameraMode":{"drawMode":0,"name":"Shaded","section":"Shading Mode"},"sceneLighting":false,"audioPlay":false,"sceneViewState":{"showFog":true,"showMaterialUpdate":false,"showSkybox":false,"showFlares":true,"showImageEffects":true,"showParticleSystems":true},"in2DMode":false,"pivot":{"x":15.941157341003418,"y":-0.8183013200759888,"z":17.523530960083009},"rotation":{"x":0.13422895967960359,"y":0.8468209505081177,"z":-0.253910630941391,"w":0.4476687014102936},"size":7.383830547332764,"orthographic":false}