{"cameraMode":{"drawMode":0,"name":"Shaded","section":"Shading Mode"},"sceneLighting":false,"audioPlay":false,"sceneViewState":{"showFog":true,"showMaterialUpdate":false,"showSkybox":false,"showFlares":true,"showImageEffects":true,"showParticleSystems":true},"in2DMode":false,"pivot":{"x":29.387863159179689,"y":0.20145179331302644,"z":25.017902374267579},"rotation":{"x":0.1530427783727646,"y":0.41802647709846499,"z":-0.07167505472898483,"w":0.8925817012786865},"size":13.666947364807129,"orthographic":false}