{"cameraMode":{"drawMode":0,"name":"Shaded","section":"Shading Mode"},"sceneLighting":false,"audioPlay":false,"sceneViewState":{"showFog":true,"showMaterialUpdate":false,"showSkybox":false,"showFlares":true,"showImageEffects":true,"showParticleSystems":true},"in2DMode":false,"pivot":{"x":6.041692733764648,"y":0.9681763648986816,"z":1.9828050136566163},"rotation":{"x":-0.04700368642807007,"y":0.9493954181671143,"z":-0.17306490242481233,"w":-0.25785234570503237},"size":7.052396297454834,"orthographic":false}