{"cameraMode":{"drawMode":0,"name":"Shaded","section":"Shading Mode"},"sceneLighting":false,"audioPlay":false,"sceneViewState":{"showFog":true,"showMaterialUpdate":false,"showSkybox":false,"showFlares":true,"showImageEffects":true,"showParticleSystems":true},"in2DMode":false,"pivot":{"x":20.06863021850586,"y":26.643152236938478,"z":33.782405853271487},"rotation":{"x":0.043270353227853778,"y":0.9037381410598755,"z":-0.41535934805870058,"w":0.09414725005626679},"size":4.221456527709961,"orthographic":false}