{"cameraMode":{"drawMode":0,"name":"Shaded","section":"Shading Mode"},"sceneLighting":false,"audioPlay":false,"sceneViewState":{"showFog":true,"showMaterialUpdate":false,"showSkybox":false,"showFlares":true,"showImageEffects":true,"showParticleSystems":true},"in2DMode":false,"pivot":{"x":2.0,"y":2.1217405796051027,"z":1.999999761581421},"rotation":{"x":-0.02111285738646984,"y":0.9714415669441223,"z":-0.21652920544147492,"w":-0.09472168236970902},"size":8.288174629211426,"orthographic":false}