{"cameraMode":{"drawMode":0,"name":"Shaded","section":"Shading Mode"},"sceneLighting":false,"audioPlay":false,"sceneViewState":{"showFog":true,"showMaterialUpdate":false,"showSkybox":false,"showFlares":true,"showImageEffects":true,"showParticleSystems":true},"in2DMode":false,"pivot":{"x":0.4653981328010559,"y":0.8844429850578308,"z":0.3232833445072174},"rotation":{"x":-0.1469215452671051,"y":-0.5565980672836304,"z":0.10076764971017838,"w":-0.811475396156311},"size":7.6694793701171879,"orthographic":false}