{"cameraMode":{"drawMode":0,"name":"Shaded","section":"Shading Mode"},"sceneLighting":false,"audioPlay":false,"sceneViewState":{"showFog":true,"showMaterialUpdate":false,"showSkybox":false,"showFlares":true,"showImageEffects":true,"showParticleSystems":true},"in2DMode":false,"pivot":{"x":3.2818610668182375,"y":0.11678850650787354,"z":-1.407353401184082},"rotation":{"x":-0.03491904214024544,"y":-0.9481362104415894,"z":0.11202548444271088,"w":-0.29546597599983218},"size":7.740988254547119,"orthographic":false}