{"cameraMode":{"drawMode":0,"name":"Shaded","section":"Shading Mode"},"sceneLighting":false,"audioPlay":false,"sceneViewState":{"showFog":true,"showMaterialUpdate":false,"showSkybox":false,"showFlares":true,"showImageEffects":true,"showParticleSystems":true},"in2DMode":false,"pivot":{"x":4.627256870269775,"y":0.023439407348632814,"z":0.15765950083732606},"rotation":{"x":-0.08027637749910355,"y":-0.8469260931015015,"z":0.1337292641401291,"w":-0.5083526372909546},"size":7.7148566246032719,"orthographic":false}