{"cameraMode":{"drawMode":0,"name":"Shaded","section":"Shading Mode"},"sceneLighting":false,"audioPlay":false,"sceneViewState":{"showFog":true,"showMaterialUpdate":false,"showSkybox":false,"showFlares":true,"showImageEffects":true,"showParticleSystems":true},"in2DMode":false,"pivot":{"x":0.4653981328010559,"y":0.8844429850578308,"z":0.3232833445072174},"rotation":{"x":-0.24522338807582856,"y":0.23141023516654969,"z":-0.060396742075681689,"w":-0.9395282864570618},"size":7.6694793701171879,"orthographic":false}