{"cameraMode":{"drawMode":0,"name":"Shaded","section":"Shading Mode"},"sceneLighting":false,"audioPlay":false,"sceneViewState":{"showFog":true,"showMaterialUpdate":false,"showSkybox":false,"showFlares":true,"showImageEffects":true,"showParticleSystems":true},"in2DMode":false,"pivot":{"x":0.19106543064117433,"y":0.7991824150085449,"z":0.601058304309845},"rotation":{"x":-0.0216257032006979,"y":0.977403461933136,"z":-0.16909605264663697,"w":-0.12500010430812837},"size":7.544785022735596,"orthographic":false}