{"cameraMode":{"drawMode":0,"name":"Shaded","section":"Shading Mode"},"sceneLighting":false,"audioPlay":false,"sceneViewState":{"showFog":true,"showMaterialUpdate":false,"showSkybox":false,"showFlares":true,"showImageEffects":true,"showParticleSystems":true},"in2DMode":false,"pivot":{"x":1.0332057476043702,"y":0.9769527912139893,"z":1.3608461618423463},"rotation":{"x":-0.031789381057024,"y":0.9682121872901917,"z":-0.1749946027994156,"w":-0.17588455975055695},"size":7.5447845458984379,"orthographic":false}