{"cameraMode":{"drawMode":0,"name":"Shaded","section":"Shading Mode"},"sceneLighting":false,"audioPlay":false,"sceneViewState":{"showFog":true,"showMaterialUpdate":false,"showSkybox":false,"showFlares":true,"showImageEffects":true,"showParticleSystems":true},"in2DMode":false,"pivot":{"x":-4.008222579956055,"y":-0.17038238048553468,"z":-2.7878611087799074},"rotation":{"x":-0.035828426480293277,"y":0.9082880616188049,"z":-0.07950127124786377,"w":-0.40921536087989809},"size":7.7645416259765629,"orthographic":false}