{"cameraMode":{"drawMode":0,"name":"Shaded","section":"Shading Mode"},"sceneLighting":false,"audioPlay":false,"sceneViewState":{"showFog":true,"showMaterialUpdate":false,"showSkybox":false,"showFlares":true,"showImageEffects":true,"showParticleSystems":true},"in2DMode":false,"pivot":{"x":0.4653981328010559,"y":0.8908951282501221,"z":0.3232833445072174},"rotation":{"x":-0.01654943823814392,"y":0.9300147294998169,"z":-0.042164530605077746,"w":-0.36478912830352785},"size":7.680241584777832,"orthographic":false}