{"cameraMode":{"drawMode":0,"name":"Shaded","section":"Shading Mode"},"sceneLighting":false,"audioPlay":false,"sceneViewState":{"showFog":true,"showMaterialUpdate":false,"showSkybox":false,"showFlares":true,"showImageEffects":true,"showParticleSystems":true},"in2DMode":false,"pivot":{"x":4.307917594909668,"y":0.3322124481201172,"z":-0.330228328704834},"rotation":{"x":0.01623973250389099,"y":-0.9814302325248718,"z":0.09599820524454117,"w":0.1657913327217102},"size":7.189407825469971,"orthographic":false}